1,Robert,,James,robert1234@gmail.com,Tale Lane,New York,Washington,USA,233423,female
2,Peter,,Erickson,robert12@gmail.com,Tale Lane,New York,Washington,USA,255423,male
3,Jeff,,Bond,Jeff12345@gmail.com,NY Street 2,New York,Washington,New York,233051,others
4,Peter,,Elfredo,peter9213@gmail.com,Fanny Hands Lane,Georgia,USA,USA,225592,female
5,Leslie,,Calderon,leslie7832@gmail.com,Marietta Street,Bombay,Maharashtra,India,201052,male
6,Keshav,,Gambhir,keshav19249@iiitd.ac.in,Lajpat Nagar,New Delhi,Delhi,India,110024,male
7,Pritish,,Wadhwa,pritish19440@iiitd.ac.in,Rohini,New Delhi,Delhi,India,110034,male
8,Vinay,,Pandey,vinay19288@iiitd.ac.in,East Delhi,New Delhi,Delhi,India,110034,male
9,Yash,,Mathne,yash19129@iiitd.ac.in,Dubai,Dubai,Dubai,India,115634,male
10,Rasagya,,Shokeen,rasagya19088@iiitd.ac.in,Lodhi Road,New Delhi,Delhi,India,110034,male
11,Noel,,Morales,Integer.mollis@egestasFusce.co.uk,836-5305 Eu Rd.,Valparai,Tamil Nadu,Namibia,488656,male
12,Paul,,Morse,Donec.consectetuer@Integeraliquamadipiscing.net,"P.O. Box 773, 8388 Ut Street",Daman,Daman and Diu,Bulgaria,297247,prefer not to answer
13,Brian,,Becker,Nam.ligula.elit@pellentesquea.org,"P.O. Box 790, 1965 Sagittis. St.",Silvassa,Dadra and Nagar Haveli,Guyana,530152,female
14,Hilel,,Vance,in.lobortis@ategestasa.co.uk,520-3818 Duis Rd.,Champdani,West Bengal,Afghanistan,728968,male
15,Giacomo,,Foster,Sed@Nam.net,377-9668 Turpis. St.,Raj Nandgaon,Chhattisgarh,Aruba,652468,male
16,Hoyt,,Sharp,ipsum.sodales.purus@Curabitursedtortor.co.uk,5179 Arcu Rd.,Pondicherry,Pondicherry,Bahrain,585009,female
17,Sade,,Yang,eleifend.nunc@Etiamlaoreet.co.uk,"P.O. Box 868, 1824 Curabitur Av.",Itanagar,Arunachal Pradesh,Bhutan,708689,prefer not to answer
18,Dillon,,Barton,vulputate@vellectus.org,"P.O. Box 651, 5517 Luctus Street",Ramagundam,Andhra Pradesh,New Caledonia,443784,others
19,Graiden,,Stanley,dui.nec@nunc.org,"P.O. Box 301, 2443 In Street",Kozhikode,Kerala,United States,362552,male
20,Abdul,,Burch,nibh@tempusnonlacinia.org,597-4182 Leo. Av.,Port Blair,Andaman and Nicobar Islands,United States,640353,prefer not to answer
21,Curran,,Rich,ultrices.posuere.cubilia@parturientmontes.co.uk,101-4996 Dapibus Rd.,Ulhasnagar,Maharastra,Saint Vincent and The Grenadines,774057,others
22,Lee,,Bowman,nec.quam.Curabitur@nulla.ca,765-4081 Tristique Av.,Jodhpur,Rajasthan,Sri Lanka,569669,female
23,Alexa,,Conway,lectus.pede.et@semmagnanec.co.uk,"P.O. Box 820, 5932 Nonummy Av.",Chishtian Mandi,Punjab,Nicaragua,695514,female
24,Madison,,Michael,Nulla@rutrumurnanec.ca,5817 Eros. Avenue,Delhi,Delhi,India,382736,others
25,Callum,,Clark,montes@viverra.co.uk,Ap #599-8708 Auctor Street,Amroha,Uttar Pradesh,"Korea, South",265960,male
26,Brenda,,Wiley,enim.gravida.sit@seddictum.ca,Ap #768-8761 Pharetra Av.,Shillong,Meghalaya,Paraguay,171982,prefer not to answer
27,Vance,,Best,pretium.neque.Morbi@at.net,707-9550 Eu Street,Shillong,Meghalaya,Dominica,156294,prefer not to answer
28,Kennedy,,Palmer,augue.porttitor.interdum@leo.edu,594-9975 Eget Avenue,Silchar,Assam,Czech Republic,456067,female
29,Hoyt,,Cross,nisi@luctuset.org,"P.O. Box 883, 629 Malesuada. St.",Dehradun,Uttarakhand,Qatar,324239,prefer not to answer
30,Autumn,,Valentine,Donec.nibh@id.edu,"P.O. Box 109, 7737 Justo Rd.",Haridwar,Uttarakhand,Austria,321343,female
31,Jane,,Osborne,scelerisque.dui.Suspendisse@vitae.edu,"P.O. Box 542, 3741 Gravida. Av.",Wah,Punjab,Martinique,561245,female
32,Kelly,,Scott,Quisque@Donec.ca,519-5284 Dolor St.,Itanagar,Arunachal Pradesh,United Kingdom (Great Britain),138206,male
33,Elmo,,Griffith,dui.quis@vitaealiquameros.co.uk,981-2466 Enim Ave,Kozhikode,Kerala,Namibia,560572,prefer not to answer
34,Salvador,,Sosa,scelerisque.lorem@quisarcu.com,Ap #988-8379 Eget St.,Jodhpur,Rajasthan,Denmark,617971,male
35,Blossom,,Levine,pede.Cum.sociis@pharetra.co.uk,"P.O. Box 626, 183 Dolor Rd.",Sambalpur,Odisha,Kyrgyzstan,568718,others
36,Nash,,Johns,lobortis.quis.pede@estacfacilisis.ca,699-1511 Sem Ave,Itanagar,Arunachal Pradesh,Norway,558923,male
37,Erica,,Duncan,magna.Suspendisse.tristique@egestas.edu,"P.O. Box 426, 4145 Molestie St.",Kavaratti,Lakshadweep,Turks and Caicos Islands,778539,prefer not to answer
38,Ifeoma,,Christensen,purus.gravida.sagittis@nuncQuisque.net,"P.O. Box 347, 6347 Libero Road",Korba,Chhattisgarh,Georgia,621497,prefer not to answer
39,Kendall,,Saunders,tempus.mauris@Etiam.net,8978 Gravida. Av.,Durg,Chhattisgarh,Brazil,404504,prefer not to answer
40,Lael,,Wilkins,Donec.fringilla@Proinegetodio.edu,"P.O. Box 959, 8760 Pellentesque. St.",Silvassa,Dadra and Nagar Haveli,Guatemala,132440,prefer not to answer
41,Darrel,,Preston,augue.ut@fermentum.co.uk,6888 At Rd.,Aizwal,Mizoram,United States Minor Outlying Islands,500059,others
42,Sandra,,Parks,eget.metus@magnisdis.edu,4276 In Rd.,Nadiad,Gujarat,Malta,373005,male
43,Griffin,,Cervantes,dictum.ultricies@metusurnaconvallis.edu,"559-3581 Ut, Rd.",Chishtian Mandi,Punjab,Sudan,382126,prefer not to answer
44,Guinevere,,Rice,sed@sollicitudin.co.uk,"P.O. Box 551, 1431 In, Rd.",Srinagar,Jammu and Kashmir,United States Minor Outlying Islands,201129,others
45,Dalton,,Warner,mauris.aliquam@SedmolestieSed.com,884-7992 Ac Road,Bellary,Karnataka,Mauritius,223503,female
46,Gregory,,Peterson,eu.eros@auctor.co.uk,1835 Eu Rd.,Chandannagar,West Bengal,Australia,474373,others
47,Chandler,,Dorsey,quis.diam.Pellentesque@consectetuermaurisid.co.uk,606-7927 Neque Rd.,Guntur,Andhra Pradesh,Guinea,719366,female
48,Stephen,,Conway,ornare.libero@tinciduntpede.ca,"1267 A, St.",Agartala,Tripura,Montenegro,375013,prefer not to answer
49,Laura,,Mason,consequat.auctor@magna.org,Ap #733-8028 Non Avenue,Firozabad,Uttar Pradesh,Haiti,343034,prefer not to answer
50,Gage,,Spencer,vulputate.dui.nec@laciniaorci.edu,Ap #358-2335 Lobortis. St.,Silvassa,Dadra and Nagar Haveli,Malawi,677033,female
51,Chanda,,Morales,dui@auctorodio.co.uk,"P.O. Box 812, 1183 Pellentesque Street",Port Blair,Andaman and Nicobar Islands,Saint Kitts and Nevis,486496,male
52,Keefe,,Hunter,urna.justo@Curabitur.com,5321 Netus St.,Gangtok,Sikkim,Bhutan,736475,prefer not to answer
53,Gillian,,Conrad,Cras@venenatis.ca,572-8861 Amet Street,Agartala,Tripura,Italy,772841,male
54,Orla,,Mueller,libero.nec@ipsum.edu,"P.O. Box 750, 6392 Magna, Road",Ahmadpur East,Punjab,Switzerland,746616,male
55,Lacey,,Lowery,erat.vitae@nullavulputatedui.com,6331 In Street,Godhra,Gujarat,United Arab Emirates,619441,prefer not to answer
56,Byron,,Knox,et.rutrum@lectuspedeet.org,"Ap #926-4067 Sed, Avenue",Aizwal,Mizoram,Cook Islands,784451,prefer not to answer
57,Griffith,,Olsen,massa@sapien.co.uk,Ap #677-7297 Aenean Road,Kohima,Nagaland,Angola,140088,female
58,Ainsley,,Aguilar,Cras@aliquet.net,Ap #152-2011 Magna Street,Agartala,Tripura,Argentina,215891,others
59,Liberty,,Miller,ac.urna.Ut@cursusdiam.ca,"P.O. Box 574, 1236 Vivamus Rd.",Pondicherry,Pondicherry,Botswana,359162,male
60,Lionel,,Fischer,Nullam.vitae@Etiamimperdiet.net,420-5670 Interdum Av.,Kumbakonam,Tamil Nadu,Mayotte,570518,prefer not to answer
61,Cain,,Cruz,nec@lacusMaurisnon.ca,"P.O. Box 257, 1528 Dui Ave",Itanagar,Arunachal Pradesh,Mozambique,367809,male
62,Orson,,Lowery,a.dui@hendreritneque.edu,Ap #628-4442 Eu Road,Agartala,Tripura,Seychelles,381649,others
63,Louis,,Harrison,tempus.mauris.erat@arcuCurabitur.ca,Ap #409-7449 Ipsum. Avenue,Silchar,Assam,Greece,643946,others
64,Flavia,,Sutton,et.nunc.Quisque@insodales.co.uk,525-4070 Sed Avenue,Kavaratti,Lakshadweep,Mexico,130375,male
65,Beau,,Galloway,pretium@Donecporttitor.edu,9563 Nunc St.,Gangtok,Sikkim,Liechtenstein,798277,prefer not to answer
66,Nasim,,Sherman,Aliquam.ornare@ametnullaDonec.org,Ap #327-8647 Dapibus St.,Bhusawal,Maharastra,South Sudan,676991,male
67,Linus,,Roberson,lorem@Inscelerisque.org,Ap #291-9248 A Av.,Dehradun,Uttarakhand,Cameroon,352523,prefer not to answer
68,Maris,,Hall,senectus.et.netus@acipsumPhasellus.edu,"P.O. Box 370, 7854 A, Rd.",Hospet,Karnataka,Algeria,490361,prefer not to answer
69,Macon,,Roberson,quam.a.felis@consectetueripsumnunc.edu,"9520 Erat, Rd.",Chandigarh,Chandigarh,Belize,318914,male
70,Karly,,Watkins,Sed.id.risus@Aliquam.org,"P.O. Box 207, 3876 Vulputate, St.",Rewa,Madhya Pradesh,Vanuatu,264592,others
71,Anika,,Whitehead,accumsan.laoreet.ipsum@magna.edu,"Ap #714-2132 Non, St.",Kohima,Nagaland,Haiti,600608,male
72,Yardley,,Walter,nascetur@orcitincidunt.ca,413-9515 Nullam St.,Nagaon,Assam,Antarctica,446907,others
73,Ulric,,Frost,erat.Sed.nunc@eget.ca,Ap #545-3929 Dolor Rd.,Dewas,Madhya Pradesh,Liechtenstein,348530,female
74,Quail,,Pickett,porttitor.scelerisque.neque@CuraeDonec.edu,"613-5701 Vulputate, Rd.",Raichur,Karnataka,Jersey,626142,prefer not to answer
75,Channing,,Wells,vitae.sodales.at@Vivamuseuismodurna.com,"P.O. Box 155, 2243 Faucibus Avenue",Pondicherry,Pondicherry,French Guiana,497998,others
76,Kellie,,Cameron,eu.placerat.eget@enim.co.uk,"P.O. Box 137, 9419 Pede. Street",Vellore,Tamil Nadu,Wallis and Futuna,115520,others
77,Hedda,,Patrick,Quisque.fringilla.euismod@commodo.co.uk,7621 Euismod Street,Kavaratti,Lakshadweep,Guyana,577486,prefer not to answer
78,Keelie,,Garcia,Nulla.facilisis.Suspendisse@parturient.com,311-5484 Vulputate Street,Bihar Sharif,Bihar,Montenegro,651807,male
79,Nissim,,Nolan,et@orciUt.ca,5562 Nec Street,Silvassa,Dadra and Nagar Haveli,Israel,595071,female
80,Perry,,Bender,In.mi@semper.org,Ap #689-7495 Libero St.,Karimnagar,Andhra Pradesh,Côte D'Ivoire (Ivory Coast),799863,female
81,Hadley,,Obrien,sed@feugiattellus.net,531-8227 Nec Ave,Silvassa,Dadra and Nagar Haveli,Brunei,484181,others
82,Cyrus,,Ferrell,lorem@nunc.com,Ap #206-7684 Tempor St.,Dibrugarh,Assam,Saint Kitts and Nevis,249959,male
83,Gregory,,Hardy,pede@Phasellusat.net,"P.O. Box 619, 2988 Sed Rd.",Bangalore,Karnataka,Hong Kong,405680,female
84,Basia,,Trujillo,facilisis.vitae@ornaretortor.edu,"P.O. Box 233, 1288 Neque St.",Vishakhapatnam,Andhra Pradesh,Ecuador,223689,prefer not to answer
85,Marvin,,Pittman,lorem.auctor@ligula.ca,4603 Neque. Rd.,Jammu,Jammu and Kashmir,Venezuela,729275,female
86,Porter,,Blackwell,mauris.eu.elit@hendrerit.co.uk,724-7088 Sem Street,Gangtok,Sikkim,Taiwan,113144,prefer not to answer
87,Bree,,Fuller,condimentum.eget@laciniaatiaculis.edu,"P.O. Box 947, 5209 Sollicitudin Rd.",Silvassa,Dadra and Nagar Haveli,Palau,257203,female
88,Heidi,,Le,mi.lacinia.mattis@lobortismauris.co.uk,1073 Nec Road,Hisar,Haryana,Tanzania,227429,prefer not to answer
89,Harding,,Roach,Mauris@mollisIntegertincidunt.org,379-1480 Sed Av.,Kavaratti,Lakshadweep,Dominican Republic,578259,female
90,Keegan,,Kirby,iaculis.lacus.pede@rhoncusNullam.co.uk,Ap #626-1155 Nisi St.,Itanagar,Arunachal Pradesh,Falkland Islands,222261,prefer not to answer
91,Skyler,,Bauer,amet@enim.co.uk,"Ap #966-1705 Suscipit, Av.",Puri,Odisha,Thailand,143459,prefer not to answer
92,Axel,,Moody,dolor@mollis.net,2446 Vulputate Ave,Aizwal,Mizoram,Montenegro,674154,male
93,Quin,,Obrien,ut@Sed.com,"P.O. Box 339, 9455 Lectus Avenue",Daman,Daman and Diu,Northern Mariana Islands,770355,male
94,Thaddeus,,Caldwell,faucibus@eleifendnuncrisus.com,Ap #882-7308 Urna. Rd.,Bokaro Steel City,Jharkhand,Venezuela,223403,others
95,John,,Bush,sollicitudin@ametluctus.com,"P.O. Box 372, 2712 Sem Avenue",Panjim,Goa,United Kingdom (Great Britain),559110,female
96,Zephr,,Carney,nunc.ac.mattis@molestiearcuSed.org,728-8414 Curabitur Av.,Agartala,Tripura,Algeria,669949,female
97,Stella,,Ochoa,amet@inmolestie.com,264-2376 Nibh St.,Thalassery,Kerala,Tunisia,631309,others
98,Matthew,,Reese,cubilia@montesnascetur.ca,8599 Aliquet Avenue,Hafizabad,Punjab,South Africa,386506,female
99,Megan,,Hahn,dolor@lobortisrisusIn.com,9422 Nibh. St.,Alwar,Rajasthan,Puerto Rico,298739,male
100,Arden,,Carter,egestas@variuseteuismod.org,Ap #147-4812 Mauris Street,Daska,Punjab,Mali,742171,others
101,Shay,,Clements,eu.turpis.Nulla@miDuisrisus.ca,"P.O. Box 602, 9769 Donec Road",Thalassery,Kerala,Samoa,344549,male
102,Uriah,,Wilkins,tincidunt.nunc.ac@MorbimetusVivamus.com,806-7361 Massa St.,Udaipur,Rajasthan,Djibouti,328913,female
103,Kelly,,Copeland,lectus.Cum@Nulladignissim.co.uk,"P.O. Box 455, 1755 Lobortis Road",Sadiqabad,Punjab,Jamaica,144275,prefer not to answer
104,Driscoll,,Riley,quam@duinec.ca,"P.O. Box 476, 3255 Erat, Road",Budaun,Uttar Pradesh,French Guiana,660593,others
105,Cairo,,Beard,Proin.nisl.sem@odio.org,Ap #563-7948 Nulla Street,Ongole,Andhra Pradesh,Wallis and Futuna,488372,others
106,Jessica,,Contreras,sed.dolor.Fusce@magnamalesuadavel.co.uk,Ap #957-2791 Phasellus Road,Silvassa,Dadra and Nagar Haveli,United Arab Emirates,259488,male
107,Xandra,,Yates,Fusce.mollis@Donecfeugiatmetus.net,370-2197 Ut Rd.,Shillong,Meghalaya,American Samoa,408664,female
108,Branden,,Estrada,magnis.dis.parturient@Morbi.org,Ap #598-7494 Id Street,Port Blair,Andaman and Nicobar Islands,Guernsey,728079,others
109,Aline,,Barber,penatibus.et.magnis@Nullaaliquet.com,899-6926 Amet Ave,Raipur,Chhattisgarh,Papua New Guinea,175690,female
110,Teagan,,Kirby,lorem.tristique@vel.ca,972 Sit Road,Karnal,Haryana,Croatia,364139,prefer not to answer
